Reference ;Nom;Prenom;Date de naissance
1;BONTEMPS ;Albertine;1/5/2006
2;DUPONT ;Eudes;3/6/1956
3;MAS ;Jules;1/10/1988
4;BERNARD ;Alexiane;17/7/1968
5;BOUCHER ;Melisende;5/6/1951
6;FERRE ;Fernande;1/7/1942
7;HERAULT ;Magali;8/12/1938
8;CHOQUET ;Audrey;14/4/1934
9;PRUDHOMME ;Soline;25/11/2010
10;HENRY ;Lionel;15/5/1985
11;TOUTAIN ;Simon;18/5/1966
12;WEBER ;Theo;3/11/1932
13;POMMIER ;Absalon;19/8/1954
14;BONNAUD ;Mahaut;23/10/1966
15;ROUX ;Murielle;25/5/1945
16;GOMES ;Felicie;22/10/1975
17;BONNET ;Marie;20/4/1976
18;BERTHET ;Gui;6/1/1948
19;BELLEC ;Agilberte;22/7/1948
20;RIBEIRO ;Odilon;17/8/1994
21;GIMENEZ ;Philemon;8/8/1957
22;JOLY ;Axel;13/2/1944
23;MARTIN ;Andoche;28/6/1998
24;LE CORRE ;Julie;1/8/1935
25;MERCIER ;Paule;27/6/1981
26;DUJARDIN ;Gerberge;5/1/1941
27;HOARAU ;Fran√ßoise;22/1/1953
28;LEROUX ;Soleine;26/7/1953
29;LANDRY ;Chloe;19/1/1952
30;BENOIT ;Theophile;18/5/2011
31;BAYLE ;Alienor;2/9/1951
32;LABBE ;Adegrin;16/7/1972
33;DESHAYES ;Madyson;27/7/1988
34;BOUSQUET ;Gwladys;21/9/1959
35;VIDAL ;David;23/8/1989
36;ALVES ;Daniele;11/11/1982
37;AVRIL ;Maud;25/10/1980
38;BOCQUET ;Noemie;26/4/1931
39;LECUYER ;Philippine;8/9/1949
40;VILLENEUVE ;Ludovic;6/7/1984
